{"cameraMode":{"drawMode":0,"name":"Shaded","section":"Shading Mode"},"sceneLighting":true,"audioPlay":false,"sceneViewState":{"m_AlwaysRefresh":false,"showFog":true,"showSkybox":true,"showFlares":true,"showImageEffects":true,"showParticleSystems":true,"showVisualEffectGraphs":true,"m_FxEnabled":true},"in2DMode":false,"pivot":{"x":454.5717468261719,"y":205.50509643554688,"z":31.1497802734375},"rotation":{"x":0.12298361957073212,"y":-0.014890281483530999,"z":0.0018454878591001034,"w":0.9922955632209778},"size":208.314208984375,"orthographic":false}